artist_name,track_name,release_date,genre,lyrics
Aretha Franklin,Respect,1967,soul,"What you want, baby, I got it What you need, do you know I got it? [Chorus] All I'm askin' is for a little respect when you come home (Just a little bit) Hey baby (Just a little bit) when you get home (Just a little bit) mister (Just a little bit)"
Otis Redding,Try a Little Tenderness,1966,soul," Oh, she may be weary And young girls, they do get wearied Wearing that same old shaggy dress, yeah yeah But when she gets weary Try a little tenderness, yeah yeah (Oh my, not) [Verse 2] You know she's waiting Just anticipating For things that she'll never, never, never, never Possess, yeah yeah But while she's there waiting, and without them Try a little tenderness (That's all you gotta do)"
Sam Cooke,A Change Is Gonna Come,1964,soul,"I was born by the river In a little tent Oh, and just like the river, I've been runnin' Ever since [Chorus] It's been a long A long time comin', but I know A change gon' come Oh, yes it will [Verse 2] It's been too hard livin' But I'm afraid to die 'Cause I don't know what's up there Beyond the sky [Chorus] It's been a long A long time comin', but I know A change gon' come Oh, yes it will"
Al Green,Let's Stay Together,1971,soul,"I, I'm so in love with you Whatever you want to do is all right with me 'Cause you make me feel so brand new And I want to spend my life with you [Verse 2] Let me say that since, baby, since we've been together Ooh, loving you forever is what I need Let me be the one you come running to I'll never be untrue"
Marvin Gaye,What's Going On,1971,soul,"Hey, hey-hey Hey, what's happenin'? Hey, brother, what's happenin'? Boy, this is a groovy party (Hey, how you doin'?) Man, I can dig it Yeah, brother, solid, right on What's happenin'? Hey, man, what's happening? Woo Everything is everything We're gonna do a get down today, boy, I'll tell ya [Verse 1] Mother, mother There's too many of you crying Brother, brother, brother There's far too many of you dying You know we've got to find a way To bring some loving here today, yeah"
Etta James,At Last,1960,soul,"At last My love has come along My lonely days are over And life is like a song Oh, yeah, yeah [Verse 2] At last The skies above are blue My heart was wrapped up in clover The night I looked at you [Bridge] I found a dream that I could speak to A dream that I can call my own I found a thrill to press my cheek to A thrill that I've never known, oh, yeah, yeah"
Ray Charles,Georgia on My Mind,1960,soul,"Georgia Georgia The whole day through (The whole day through) Just an old, sweet song Keeps Georgia on my mind (Georgia on my mind) [Verse 2] I said a-Georgia Georgia A song of you (A song of you) Comes as sweet and clear As moonlight through the pines [Refrain] Other arms a-reach out to me Other eyes smile tenderly Still, in the peaceful dreams, I see The road leads back to you"
Sam & Dave,Soul Man,1967,soul,"Comin' to you on a dusty road Good lovin', I got a truckload And when you get it, you got something So don't worry, 'cause I'm coming [Chorus] I'm a soul man I'm a soul man I'm a soul man, come on! I'm a soul man That ain't all, look [Verse 2] That's what I got, the hard way And I'll make it better each and every day So honey, don't you fret, heh 'Cause you ain't seen nothing yet"
Stevie Wonder,Superstition,1972,soul,"Very superstitious Writing's on the wall Very superstitious Ladder's 'bout to fall Thirteen month old baby Broke the looking glass Seven years of bad luck The good things in your past [Chorus] When you believe in things That you don't understand Then you suffer Superstition ain't the way, yeah"
Wilson Pickett,In the Midnight Hour,1965,soul,"I'm gonna wait 'til the midnight hour That's when my love comes tumbling down I'm gonna wait 'til the midnight hour When there's no one else around [Verse 1] I'm gonna take you, girl, and hold you And do all the things I told you In the midnight hour Yes I am, oh, yes I am One more thing I just want to say right here"
Gladys Knight & the Pips,Midnight Train to Georgia,1973,soul,"Mm, L.A. proved too much for the man Too much for the man, he couldn't make it So he's leavin' the life, mm He's come to know, ooh, he said he's goin' He said he's goin' back to find, goin' back to find Ooh, ooh, ooh, what's left of his world The world he left behind Not so long ago "
Isaac Hayes,Theme From Shaft,1971,soul,Who's the black private dick that's a sex machine to all the chicks? (Shaft) Ya damn right [Verse 2] Who is the man that would risk his neck for his brother man? (Shaft) Can you dig it? [Verse 3] Who's the cat that won't cop out when there's danger all about? (Shaft) Right on [Bridge] They say this cat Shaft is a bad mother... (Shut your mouth) I'm talkin' 'bout Shaft (Then we can dig it)
Solomon Burke,Cry to Me,1962,soul,"When your baby leaves you all alone And nobody calls you on the phone Don't you feel like crying? Don't you feel like crying? Well, here I am, my honey C'mon, you cry to me [Verse 2] When you're all alone in your lonely room And there's nothing but the smell of her perfume Don't you feel like crying? Don't you feel like crying? Don't you feel like crying? C'mon, c'mon, cry to me"
The Temptations,My Girl,1964,soul,"I've got sunshine on a cloudy day When it's cold outside, I've got the month of May I guess you'd say What can make me feel this way? [Chorus] My girl, my girl, my girl Talkin' 'bout my girl, my girl [Verse 2] I've got so much honey, the bees envy me I've got a sweeter song than the birds in the trees Well, I guess you'd say What can make me feel this way?"
James Brown,It's a Man's Man's Man's World,1966,soul,"This is a man's world This is a man's world But it wouldn't be nothing Nothing without a woman or a girl [Verse 1] You see, man made the cars To take us over the road Man made the train To carry the heavy load Man made the electric light To take us out of the dark Man made the boat for the water Like Noah made the ark "
Curtis Mayfield,Move On Up,1970,soul,"Hush now, child And don't you cry Your folks might understand you By and by [Chorus] Just move on up Toward your destination Though you may find, from time to time Complication [Verse 2] Bite your lip And take the trip Though there may be wet road ahead And you cannot slip"
Bill Withers,Ain't No Sunshine,1971,soul,Ain't no sunshine when she's gone It's not warm when she's away Ain't no sunshine when she's gone And she's always gone too long Anytime she goes away [Verse 2] Wonder this time where she's gone Wonder if she's gonna stay Ain't no sunshine when she's gone And this house just ain't no home Anytime she goes away
Nina Simone,Feeling Good,1965,soul,"Birds flying high, you know how I feel Sun in the sky, you know how I feel Breeze driftin' on by, you know how I feel [Chorus] It's a new dawn, it's a new day It's a new life for me, yeah It's a new dawn, it's a new day It's a new life for me, ooh And I'm feeling good"
Donny Hathaway,A Song For You,1971,soul,"I've been so many places in my life and time I've sung a lot of songs I've made some bad rhymes I've acted out my life on stages With ten thousand people watching [Chorus] But we're alone now And I'm singing this song to you [Verse 2] I know your image of me Is what I hoped to be I treated you unkindly But darling, can't you see? There's no one more important to me Baby, can't you see through me?"
The Impressions,People Get Ready,1965,soul,"People get ready, there's a train a-comin' You don't need no baggage, you just get on board All you need is faith to hear the diesels hummin' Don't need no ticket, you just thank the Lord [Verse 2] So, people get ready for the train to Jordan Picking up passengers coast to coast Faith is the key, open the doors and board 'em There's hope for all among those loved the most"
Percy Sledge,When a Man Loves a Woman,1966,soul,"When a man loves a woman Can't keep his mind on nothin' else He'd change the world for the good thing he's found If she is bad, he can't see it She can do no wrong Turn his back on his best friend if he put her down When a man loves a woman He'll spend his very last dime Tryin' to hold on to what he needs He'd give up all his comforts And sleep out in the rain If she said that's the way It ought to be"
Smokey Robinson & The Miracles,The Tracks of My Tears,1965,soul,"People say I'm the life of the party 'Cause I tell a joke or two Although I might be laughing loud and hearty Deep inside I'm blue [Chorus] So take a good look at my face You'll see my smile looks out of place If you look closer, it's easy to trace The tracks of my tears I need you (need you) Need you (need you)"
Al Wilson,Show and Tell,1973,soul,"These are the eyes That never knew how to smile Till you came into my life (Do-do-do-do-do) And these are the arms That long to lock you inside Every day and every night (Do-do-do-do-do) [Pre-Chorus] Girl, and here is the soul Oh which you've taken control Can't you see, I'm tryin' to show love is right"
The Delfonics,Didn't I (Blow Your Mind This Time),1970,soul,"I gave my heart And soul to you, girl Didn't I do it, baby Didn't I do it, baby Gave you a love You never knew, girl, whoa Didn't I do it, baby Didn't I do it, baby I tried so many times And that's no lie It seems to make you laugh Each time I try Didn't I blow your mind this time Didn't I (Oh, baby) Didn't I blow your mind this time (Baby) Didn't I (Listen)"
Roberta Flack,Killing Me Softly With His Song,1973,soul,"Strummin' my pain with his fingers Singin' my life with his words Killing me softly with his song Killing me softly with his song Tellin' my whole life with his words Killing me softly with his song [Verse 1] I heard he sang a good song I heard he had a style And so I came to see him To listen for a while And there he was, this young boy A stranger to my eyes"
The Four Tops,Reach Out I'll Be There,1966,soul,"Now if you feel that you can't go on (Can't go on) Because all of your hope is gone (All your hope is gone) And your life is filled with much confusion (Much confusion) Until happiness is just an illusion (Happiness is just an illusion) And your world around is crumbling down, darlin' [Chorus] (Reach out) Come on, girl, reach on out for me (Reach out) Reach out for me Hah, I'll be there with a love that will shelter you I'll be there with a love that will see you through"
The Chi-Lites,Have You Seen Her,1971,soul,"One month ago today I was happy as a lark But now I go for walks To the movies, maybe to the park And have a seat on the same old bench To watch the children play, huh You know, tomorrow is their future But for me just another day They all gather around me They seem to know my name We laugh, tell a few jokes But it still doesn't ease my pain"
The Stylistics,You Make Me Feel Brand New,1974,soul,"My love I'll never find the words, my love To tell you how I feel, my love Mere words could not explain Precious love You held my life within your hands Created everything I am Taught me how to live again [Pre-Chorus: Russell Thompkins] Only you Cared when I needed a friend Believed in me through thick and thin This song is for you, filled with gratitude and love"
The Spinners,I'll Be Around,1972,soul,"This is our fork in the road Love's last episode There's nowhere to go, oh no You made your choice Now it's up to me To bow out gracefully Though you hold the key, but baby [Chorus] Whenever you call me, I'll be there Whenever you want me, I'll be there Whenever you need me, I'll be there I'll be around"
Ann Peebles,I Can't Stand the Rain,1973,soul,"I can't stand the rain Against my window Bringing back sweet memories [Verse 1] Hey, window pane Do you remember How sweet it used to be? When we was together Everything was so grand Now that we've parted There's just one sound That I just can't stand"
Teddy Pendergrass,Turn Off the Lights,1979,soul,"Turn off the lights and light a candle Tonight I'm in a romantic mood, yeah Let's take a shower, said a shower together, yes I'll wash your body and you'll wash mine, yeah Rub me down in some, some hot oils, baby And I'll do the same thing to you [Chorus] Just turn off the lights, come to me Girl, I wanna give you a special treat, you're so sweet Turn off the lights, let's get cozy See, you're the only one in the world that I need"
Earth Wind & Fire,September,1978,soul,"Do you remember The twenty-first night of September? Love was changin' the minds of pretenders While chasin' the clouds away Our hearts were ringin' In the key that our souls were singin' As we danced in the night, remember How the stars stole the night away, oh yeah [Chorus] Hey, hey, hey Ba-dee-ya Say, do you remember? Ba-dee-ya Dancin' in September Ba-dee-ya Never was a cloudy day"
Chaka Khan,I'm Every Woman,1978,soul,"Ooh, ooh, yeah Whatever you want Whatever you need Anything you want done, baby I'll do it naturally 'Cause I'm every woman (Every woman) It's all in me It's all in me Yeah [Chorus] I'm every woman It's all in me Anything you want done, baby I'll do it naturally I'm every woman It's all in me I can read your thoughts right now Every one, from A to Z Whoa, whoa, whoa Whoa (Oh), whoa (Oh), whoa"
Patti LaBelle,Lady Marmalade,1974,soul,"Woah, really? Sarah Dash, Nona Hendryx, ah Produced by Allen Toussaint Hey, yeah, hey Hey sister, go sister Soul sister, go sister Hey sister, go sister Soul sister, go sister [Verse 1: Patti LaBelle] He met Marmalade down in Old New Orleans Strutting her stuff on the street She said, ""Hello, hey, Joe"" (Come on) ""You wanna give it a go?"" (I don't know)"
The O'Jays,For the Love of Money,1973,soul,"Money, money, money, money, money Money, money, money, money, money Money, money, money, money, money Money, money, money, money, money Money, money, money, money, money Money, money, money, money, money [Verse 1] Some people got to have it, yeah Some people really need it, huh, listen to me y'all Do things, do things, do things, bad things with it Well You wanna do things, do things, do things, good things with it Yeah, uh-huh, talk about Cash money, money Talk about cash money, dollar bills, y'all, come on now Yeah, yeah, girl, yeah"
The Isley Brothers,That Lady,1973,soul,"Who's that lady? (Who's that lady?) Beautiful lady (Who's that lady?) Who's that lady? (Who's that lady?) That?real,?real, real fine?lady (A beautiful lady) I wish somebody?would introduce her to me [Verse] I didn't get a chance (I didn't get a chance) To ask her to dance (To ask her to dance) It was love at first sight (Love at first sight) I just saw her tonight (Saw her tonight) And I wish somebody would introduce her to me I like the way she danced in the dark And disappeared in the night And, oh, she stole my heart It was love at first sight"
Kool & The Gang,Summer Madness,1974,soul,"Summertime barbecues, driving thru the heat man I’m tryna stay cool, going in the ocean nah I’m bout to play pool, before being wise yo u got to play the fool I rather feel the heat … then driving the ac on, the mics right, flows tight, I’m bout throw this beat on Everybody out side, kids at the park & they enjoying the vibe, pulling up at the stop I know you see the ride I’m chillin up in Miami at the beach side"
Solomon Burke,Everybody Needs Somebody to Love,1964,soul,"We're so glad to see so many of you lovely people here tonight And we would especially like to welcome all the Representatives of Illinois' law enforcement community Who have chosen to join us here in The Palace Hotel Ballroom at this time We do sincerely hope you'll all enjoy the show And please remember people, that no matter who you are And what you do to live, thrive and survive"
Sly & The Family Stone,Family Affair,1971,soul,"It's a family affair It's a family affair It's a family affair It's a family affair [Verse 1] One child grows up to be Somebody that just loves to learn And another child grows up to be Somebody you'd just love to burn [Verse 2] Mom loves the both of them You see, it's in the blood Both kids are good to mom Blood's thicker than the mud"
The Staple Singers,I'll Take You There,1972,soul,"I know a place Uh, ain't nobody cryin' Ain't nobody worried, no Ain't no smilin' faces, mmm, no, no Lyin' to the races [Bridge] Help me, come on, come on Somebody help me now (I'll take you there) Help me, y'all (I'll take you there) Help me now (I'll take you there) Oh (I'll take you there) Oh, oh, mercy (I'll take you there) Oh, let me take you there (I'll take you there) Oh, oh, let me take you there (I'll take you there)"
Bobby Womack,Across 110th Street,1972,soul,"I was the third brother of five Doing whatever I had to do to survive I'm not saying what I did was alright Trying to break out of the ghetto was a day to day fight Been down so long, getting up didn't cross my mind But I knew there was a better way of life that I was just trying to find You don't know what you'll do until you're put under pressure 'Cross 110th Street is a hell of a tester"
Minnie Riperton,Lovin' You,1975,soul,"Lovin' you is easy 'cause you're beautiful Makin' love with you is all I wanna do Lovin' you is more than just a dream come true And everything that I do is out of lovin' you [Chorus] La la la la la, la la la la la La la la la la, la la la la la Do do do do do, ooh [Verse 2] No one else can make me feel The colors that you bring Stay with me while we grow old And we will live each day in springtime 'Cause lovin' you has made my life so beautiful And every day of my life is filled with lovin' you Lovin' you I see your soul come shinin' through And every time that we, ooh, I'm more in love with you"
Luther Vandross,Never Too Much,1981,soul,"I can't fool myself, I don't want nobody else to ever love me You are my shining star, my guiding light, my love fantasy There's not a minute, hour, day or night that I don't love you You're at the top of my list 'cause I'm always thinking of you I still remember in the days when I was scared to touch you How I spent my day dreaming planning how to say I love you You must have known that I had feelings deep enough to swim in That's when you opened up your heart and you told me to come in"
D'Angelo,Untitled (How Does It Feel),2000,soul,"Girl, it's all on you Have it your way And if you want, you can decide And if you'll have me I can provide everything that you desire If you get a feeling Feeling that I'm feeling Won't you come closer (Mm) to me, baby? (Hey) Girl, you already got me right where you want me, baby I, I just wanna be your man [Chorus] How does it feel? Yeah (Oh) How does it feel? Yeah, yeah (Said I wanna know, how does it feel?) How does it feel? Yeah (How?) How does it feel? Yeah (Yeah, oh)"
Erykah Badu,On & On,1997,soul,"Oh my, my, my, I'm feeling high My money's gone, I'm all alone Too much to see The world keeps turning Oh what a day, what a day, what a day Peace and blessings manifest with every lesson learned If your knowledge were your wealth, then it would be well-earned If we were made in His image, then call us by our names Most intellects do not believe in God but they fear us just the same"
Maxwell,Ascension (Don't Ever Wonder),1996,soul,"It happened the moment, when you were revealed 'Cause you were a dream that you should not have been A fantasy real You gave me this beating, baby This rhythm inside And you made me feel good and feel nice and feel loved Gave me paradise [Chorus] So shouldn't I realize You're the highest of the high If you don't know, then I'll say it So don't ever wonder (Don't ever wonder) So shouldn't I realize (Shouldn't I realize) You're the highest of the high If you don't know, then I'll say it So don't ever wonder"
Lauryn Hill,Ex-Factor,1998,soul,"It could all be so simple (Ba-ba-ba-baby, baby, baby) But you'd rather make it hard (Huh, uh) Loving you is like a battle (It's like a battle) And we both end up with scars [Pre-Chorus] Tell me who I have to be (Who I have to be) To get some reciprocity See, no one loves you more than me (More than me) And no one ever will (No one ever will, yeah)"
Jill Scott,A Long Walk,2000,soul,"You're here, I'm pleased, I really dig your company Your style, your smile, your peace mentality Lord, have mercy on me, I was blind, now I can see What a king's supposed to be; baby, I feel free Come on and go with me [Chorus] Let's take a long walk around the park after dark Find a spot for us to spark Conversation, verbal elation, stimulation Share our situation, temptation, education, relaxation Elevation, maybe we can talk about Surah"
Alicia Keys,Fallin',2001,soul,"I keep on fallin' in And outta love with you Sometimes I love ya, sometimes you make me blue Sometimes I feel good, at times I feel used Lovin' you, darlin', makes me so confused [Chorus] I keep on fallin' in and out Of love with you I never loved someone The way that I'm lovin' you"
Angie Stone,Wish I Didn't Miss You,2001,soul,"Same old story back again 'She's not a lover, she's just a friend' I'm sick and tired for you to blame on me Now you think it's funny Now you wanna spend your money on girls But you forgot when you were down that I was around Call my lover, hang up, call again What in the world is happening? Listen in, but don't yell at me Isn't it ironic? All you wanna do is smoke chronic Boy, you forgot when you were down who was around "
John Legend,Ordinary People,2004,soul,"Girl, I'm in love with you But this ain't the honeymoon We're past the infatuation phase We're right in the thick of love At times we get sick of love It seems like we argue every day I know I misbehaved And you've made your mistakes And we both still got room left to grow And though love sometimes hurts I still put you first And we'll make this thing work But I think we should take it slow"
Anthony Hamilton,Charlene,2004,soul,"Woke up this morning, found a letter that she wrote She said she's tired that I'm always on the road Too hard to swallow being alone She needs someone at night that she can hold She must have told me a thousand times or more Silent cries I used to ignore God knows I love her Didn't mean to hurt her"
Sharon Jones & The Dap-Kings,100 Days 100 Nights,2007,soul,"100 days, 100 nights, to know a man's heart 100 days, 100 nights, to know a man's heart And a little more, before, he knows his own [Verse 1] You know a man can play the part of a saint just so long For a day comes when his true, his true self unfolds, yes it does He maybe mellow, he maybe kind Treat you good, all the time But there's something just beyond what he's told"
Charles Bradley,The World (Is Going Up In Flames),2011,soul,"This world Is going up in flames And nobody Wanna take the blame Don’t tell me How to live my life When you Never felt the pain (ooo ooo ooo) [Chorus: Charles Bradley and Menahan Street Band] (uuuuuh) Come on babe (uuuuuh) They don’t hear me cryin' (uuuuuh) They don’t hear me tryin' (uuuuuh) They don’t hear me cryin' For what I gonna do, yeah baby"
Leon Bridges,Coming Home,2015,soul,"Baby, baby, baby I'm coming home To your tender sweet loving You're my one and only woman The world leaves a bitter taste in my mouth, girl You're the only one that I want [Chorus] I wanna be around I wanna be around, girl I wanna be around, girl You, I wanna be around"
Amy Winehouse,Back to Black,2006,soul,He left no time to regret Kept his dick wet With his same old safe bet Me and my head high And my tears dry Get on without my guy You went back to what you knew So far removed From all that we went through And I tread a troubled track My odds are stacked I'll go back to black 
Michael Kiwanuka,Cold Little Heart,2016,soul,"Did you ever want it? Did you want it bad? Ohhh, my It tears me apart Did you ever fight it? All of the pain So much pride Running through my veins Bleeding, I'm bleeding My cold little heart Oh I, I can't stand myself [Chorus] And I know In my heart, in this cold heart I can live or I can die I believe if I just try You believe in you and I In you and I In you and I In you and I"
Raphael Saadiq,100 Yard Dash,2008,soul,"Girl, I tried to run but couldn't get too far (Get too far) My heart is pumping but still running in place (Running in place) No matter how hard I try to ditch your touch (Ditch your touch) When you're away too long, oh girl, it's too much (Girl, it's too much) [Chorus] 'Cause every time I run I need you (Oh so fast) I'm running scared, my heart (Is beating so fast) I heard that you can make a man (Change his plan) That's why I'm running fast I'm running (The hundred yard dash) Uh-oh"
Macy Gray,I Try,1999,soul,"Games, changes and fears When will they go from here? When will they stop? I believe that fate has brought us here And we should be together, babe But we're not [Pre-Chorus] I play it off, but I'm dreaming of you And I'll keep my cool, but I'm feigning [Chorus] I try to say goodbye and I choke I try to walk away and I stumble Though I try to hide it, it's clear My world crumbles when you are not near Goodbye and I choke I try to walk away and I stumble Though I try to hide it, it's clear My world crumbles when you are not near"
Mary J. Blige,Real Love,1992,soul,"We are lovers through and through And though we made it through the storm I really want you to realize, I really want to put you on I've been searching for someone to satisfy my every need Won't you be my inspiration? Be the real love that I need [Chorus] Real love, I'm searching for a real love Someone to set my heart free Real love, I'm searching for a real love"
Lionel Richie,All Night Long (All Night),1983,soul,"Well, my friends, the time has come To raise the roof and have some fun Throw away the work to be done Let the music play on Everybody sing, everybody dance Lose yourself in wild romance [Pre-Chorus 1] We're going to party, Karamu, fiesta, forever Come on and sing along We're going to party, Karamu, fiesta, forever Come on and sing along "
Whitney Houston,Saving All My Love for You,1985,soul,"A few stolen moments is all that we shared You've got your family and they need you there Though I try to resist being last on your list But no other man's gonna do So I'm saving all my love for you [Verse 2] It's not very easy living all alone My friends try and tell me find a man of my own But each time I try, I just break down and cry 'Cause I'd rather be home feeling blue So I'm saving all my love for you"
The Pointer Sisters,Slow Hand,1981,soul,"As the midnight moon was driftin' through The lazy sway of the trees I saw the look in your eyes, looking into mine Seeing what you wanted to see Darlin', don't say a word, 'cause I already heard What your body's sayin' to mine I'm tired of fast moves, I've got a slow groove On my mind"
Odyssey,Inside Out,1982,soul,"When you're sitting on your own And you feel the city life surround you And she's always on the phone But you just don't think that you can fight it [Pre-Chorus] Don't give up, don't give up Don't give up (Don't give up) Don't give up, don't give up, darling, what you dream 'Cause like the words here in this song We'll go on and on and on with our love, yeah"
Donna Summer,Love to Love You Baby,1975,soul,"I love to love you, baby I love to love you, baby I love to love you, baby I love to love you, baby I love to love you, baby [Verse 1] When you're laying so close to me There's no place I'd rather you be Than with me [Chorus] I love to love you, baby (Oh, love to love ya) I love to love you, baby I love to love you, baby [Verse 2] Do it to me again and again You put me in such a awful spin In a spin, in-uh"
Commodores,Brick House,1977,soul,"Ow, she's a brick house She's mighty mighty, just letting it all hang out Ah, she's a brick house I like ladies stacked and that's a fact Ain't holding nothing back Ow, she's a brick house Well put together, everybody knows This is how the story goes [Verse 1] She knows she's got everything Mmm, that a woman needs to get a man, yeah, yeah How can she lose with the stuff she use? 36-24-36, ow, what a winning hand"
Ohio Players,Fire,1974,soul,"Hey, ha, uh-huh Hey, hey, hey, Lord (ow, gow) Hey, ha, uh-huh Hey, hey, hey, Lord (Fire) Fire (Uh, uh) Fire (Sing us home) (Oh Lord) Fire (woo, woo, woo, woo) Fire The way you walk and talk really sets me off To a four-alarm, child, yes it does, uh, uh The way you squeeze and tease knocks to me my knees 'Cause you're smokin', baby, baby The way you swerve and curve really wracks my nerves And I'm so excited, child (yeah) woo, woo The way you push, push lets me know that you're Ha ha ha ha ha ha ha, good (You're gonna get your wish) Oh, Lord, oh"
Parliament,Flash Light,1977,soul,"Now, I lay me down to sleep Ooh, I just can't find a beat Flash light (Oh, I will never dance!) Flash light Flash light Flash light Da da da dee da da da da da da da Oh, it's no use Flash light Red light Neon light Ooh, stop light Now I lay me down to sleep I guess I'll go count the sheep Oh, 'cause I will never dance Oh, don't make me do it Dance, sucker! Ooh ha ha Ow! Get him"
Lakeside,Fantastic Voyage,1980,soul,"Hey, come on, come along take a ride There's a party over there, that ain't no jive It's live, live, it's all the way live Don't even have to walk, don't even have to drive Just slide, glide, slippity-slide Just forget about your troubles and your 9 to 5 And just sail on (That's what you do), just sail on Now this groove's so funky, hey, what do you think? What is it called? Let's call it Lakeside stank"
Con Funk Shun,Ffun,1977,soul,"Yeah, yeah, well, well Well, well Well, well Well, well, well [Verse] I wanna thank you for your love so true Your tender lovin' keeps my mind on you I'll pick you up and we'll go out and dance You kiss my lips and we'll have fun, fun, fun Make it or break it, got to make you mine Kissin' and huggin' all the time You are my one and only under the sun Give me your hand and we'll have fun, fun, fun"
The Brothers Johnson,Strawberry Letter 23,1977,soul,"Ooh, ooh, ooh-ooh ooh Ooh, ooh, ooh-ooh ooh [Verse 1] Hello, my love, I heard a kiss from you Red magic satin playing near, too All through the morning rain I gaze, the sun doesn't shine Rainbows and waterfalls run through my mind In the garden, I see, west purple shower bells and tea Orange birds and river cousins dressed in green Pretty music, I hear, so happy and loud Blue flowers echo from a cherry cloud"
The Gap Band,Outstanding,1982,soul,"Outstanding Girl, you knock me out Exciting You make me wanna shout [Verse 1] Girl, you're lookin' sweeter now You're gettin' finer every day, girl I wish that I could love you right In a special way, girl [Pre-Chorus] You light my fire (You light my fire) I feel alive with you, baby (I feel alive) You blow my mind (You blow my mind) I'm satisfied (I'm satisfied)"
Heatwave,Always and Forever,1977,soul,"Always and forever Each moment with you, yeah Is just like a dream to me That somehow came true, yeah And I know tomorrow Will still be the same 'Cause we got a life of love That won't ever change and [Chorus] Every day, love me your own special way Melt all my heart away with a smile Take time to tell me you really care And we'll share tomorrow together (Always forever love you) Ooh, baby, I'll always love you forever (Always forever love you) Ever, ever, ever"
The Emotions,Best of My Love,1977,soul,"Doesn't take much to make me happy And make me smile with glee Never, never will I feel discouraged 'Cause our love's no mystery Demonstrating love and affection That you give so openly, yeah I like the way you make me feel about you, baby Want the whole wide world to see [Chorus] Whoa-whoa, you got the best of my love Whoa-whoa, you got the best of my love Whoa-whoa, you got the best of my love Whoa-whoa, you got the best of my love"
Atlantic Starr,Always,1987,soul,"Girl, you are to me All that a woman should be And I dedicate my life To you, always The love like yours is rare It must have been Sent from up above And I know you'll stay this way For always [Pre-Chorus: Wayne Lewis and Barbara Weathers, Barbara Weathers] And we both know That our love will grow And forever It will be You and me, hey"
Diana Ross,Upside Down,1980,soul,"I said upside down, you're turning me You're giving love instinctively 'Round and 'round, you're turning me [Chorus] Upside down Boy, you turn me inside out And 'round and 'round Upside down Boy, you turn me inside out And 'round and 'round [Verse 1] Instinctively, you give to me the love that I need I cherish the moments with you Respectfully, I say to thee I'm aware that you're cheating When no one makes me feel like you do"
Tina Turner,What's Love Got to Do with It,1984,soul,"You must understand, though the touch of your hand Makes my pulse react That it's only the thrill of boy meetin' girl Opposites attract [Pre-Chorus 1] It's physical Only logical You must try to ignore that it means more than that Oh [Chorus] What's love got to do, got to do with it? What's love but a second-hand emotion? What's love got to do, got to do with it? Who needs a heart when a heart can be broken?"
Chic,Good Times,1979,soul,"Good times These are the good times Leave your cares behind These are the good times Good times These are the good times Our new state of mind These are the good times [Verse 1] Happy days are here again The time is right for makin' friends Let's get together, how 'bout a quarter to ten? Come tomorrow, let's all do it again Boys will be boys, better let them have their toys Girls will be girls, cute ponytails and curls Must put an end to this stress and strife I think I want to live the sporting life"
Shalamar,I Can Make You Feel Good,1982,soul,"Are you the kind to put your heart on the line? Or one who stays out of reach? Cause unlike other guys I won't waste your time I just wanna practice what I preach Girl, love can be such a challenge A game where there can be two winners Unlike any sport It depends on the prize And knowing where the real thing lies To make a long story short"
DeBarge,Rhythm of the Night,1985,soul,"When it feels like the world is on your shoulders And all of the madness has got you going crazy It's time to get out, step out into the street Where all of the action is right there at your feet [Pre-Chorus: El DeBarge] Well, I know a place where we can dance the whole night away Underneath electric stars Just come with me and we can shake your blues right away You'll be doing fine when the music starts, oh"
Teena Marie,Lovergirl,1984,soul,"I'm just a sucker for your love, sucker for love (I'm just a sucker for love, sucker for love, sucker for love, baby) I'm just a sucker for your love, sucker for love (I'm just a sucker for love, sucker for love, sucker for your love, baby) [Verse 1: Rick] Well, you're a fine sexy little lady You like your candy very sweet You're a classy little dame, with sophisticated game And you know all of the best restaurants to eat, uh-huh"
Lionel Richie & Diana Ross,Endless Love,1981,soul,"My love There's only you in my life The only thing that's right My first love You're every breath that I take You're every step I make [Chorus] And I (I), I want to share All my love with you No one else will do And your eyes (Your eyes, your eyes) They tell me how much you care Oh, yes, you will always be My endless love"
Rufus & Chaka Khan,Tell Me Something Good,1974,soul,"You ain't got no kind of feeling inside I got something that'll sho nuff set yo' stuff on fire You refuse to put anything before your pride What I got will knock all your pride aside [Chorus] Tell me something good Tell me that you love me, yeah Tell me something good Tell me that you like it, yeah "
The SOS Band,Take Your Time (Do It Right),1980,soul,"Let's do it Let's do it Let's do it Let's do it Oo-ooh, baby Let's do it Take your time Let's do it Come on, baby Oo-ooh, baby Let's do it Take your time Let's do it [Verse 1] You know you ought to slow down You've been working too hard and that's a fact Sit back and relax a while Take some time to laugh and smile Lay your heavy load down So we can stop and kick back It seems we never take the time to do All the things we want to, yeah"
Zapp & Roger,More Bounce to the Ounce,1980,soul,"More bounce More bounce More bounce Much more bounce Bounce much more I like to bounce And I'm gonna make you bounce Much more bounce More bounce to the ounce (Much more bounce) More bounce to the ounce (Yeah) More bounce to the ounce (Much more) More bounce to the ounce (Work it with me, bounce)"
Al Jarreau,We're in This Love Together,1981,soul,"It?s like a diamond ring, it's a precious thing And we never want to lose it It?s like a favorite song that we love to sing Every time we hear the music chorus And we're in this love together We got the kind that lasts forever We're in this love together And like berries on the vine, it gets sweeter all the time verse It?s like a rainy night in candlelight And, ooh it?s so romantic We got the whole thing working out so right, yes And it's just the way we planned it"
Kashif,Love Changes,1987,soul,"You stay awake half the night Love has just put you through changes Tell me why, tell me why, tell me why It must be love that's on your mind You're doing things you wouldn't before But you oughta know, baby Love will make you oh so happy (So happy) Inside. (Inside) Hi-hi-hi (You can't control it, but it just takes you over.) And love Love will make you (make you) oh so sad, (So sad) Make you cry. (Make you cry.) Hi-hi-hi (Na, na, na)"
Alexander O'Neal,Criticize,1987,soul,"Can't you find something else to talk about? Is this song the only one you sing? Makes you look better when you put things down Who values your opinion? [Pre-Chorus] Don't criticize my friends Criticize my ideas Don't criticize my lifestyle I'm fed up 'cause all you wanna do is criticize [Chorus] Don't just close your mind Ooh, ooh (Criticize, yeah) You don't realize (All you wanna do is criticize) I just want what is right Still you say Criticize"
Luther Ingram,If Loving You Is Wrong (I Don't Want to Be Right),1972,soul,If loving you is wrong I don't wanna be right If being right means being without you I'd rather live a wrong doing life Your mama and daddy say it's a shame It's a downright disgrace Long as I got you by my side I don't care what your people say Your friends tell you it's no future In loving a married man If I can't see you when I want to I'll see you when I can [Chorus] If loving you is wrong I don't wanna be right If loving you is wrong I don't wanna be right
Jackie Wilson,Higher and Higher,1967,soul,"Your love, lifting me higher Than I've ever been lifted before So keep it it up, quench my desire And I'll be at your side, forever more You know your love (Your love keeps lifting me) Keep on lifting (Love keeps lifting me) Higher (Lifting me) Higher and higher (Higher) I said, your love (Your love keeps lifting me) Keep on (Love keeps lifting me) Lifting me (Lifting me) Higher and higher (Higher)"
Doris Troy,Just One Look,1963,soul,"Just one look, and I fell so hard In love with you, oh-oh, oh-oh I found out how good it feels To have, your love, oh-oh, oh-oh [Verse 2] Say you will, will be mine Forever and always, oh-oh, oh-oh Just one look and I knew That you were my only one Oh-oh-oh-ooh [Bridge] I thought I was dreamin' But I was wrong, yeah, yeah, yeah Oh, but I'm gonna keep on schemin' 'Til I can make you, make you my own"
Fontella Bass,Rescue Me,1965,soul,"Rescue me Or take me in your arms Rescue me I want your tender charms 'Cause I'm lonely and I'm blue I need you and your love too Come on and rescue me [Chorus] Come on, baby, and rescue me Come on, baby, and rescue me 'Cause I need you by my side Can't you see that I'm lonely? Rescue me [Verse 2] Come on and take my heart Take your love and conquer every part 'Cause I'm lonely and I'm blue I need you and your love too Come on and rescue me"
Joe Tex,Ain't Gonna Bump No More (With No Big Fat Woman),1977,soul,"Three nights ago, I was at a disco Man, I wanted to bump I was rarin' to go And this big fat woman bumped me on the floor She was rarin' to go, that chick was rarin' to go Man, she did a dip Almost broke my hip She was gettin' down, that chick was gettin' down She wanted to bump some more, but I told her no You done knocked me down once You done knocked me down once Said ""If you wanna dance, find you a big fat man Y'all go on and get on down Y'all go on and get on down"", ha!"
Esther Phillips,What a Diff'rence a Day Makes,1975,soul,"What a difference a day makes Twenty-four little hours Brought the sun and the flowers Where there used to be rain My yesterday was blue, dear Today I'm a part of you, dear My lonely nights are through, dear Since you said you were mine [Verse 2] What a difference a day makes There's a rainbow before me Skies above can't be stormy Since that moment of bliss, that thrilling kiss It's heaven when you Find romance on your menu What a difference a day makes And the difference is you"
Jerry Butler,Only the Strong Survive,1969,soul,"(I remember) I remember my first love affair (I remember) Somehow or another the whole darn thing went wrong (I remember) My mama had some great advice so I thought I'd put it into words of this song (I remember) I can still hear her sayin' [Verse 1] Boy (Boy, boy), oh, I see you're sittin' out there all alone Cryin' your eyes out 'cause the woman that you love is gone Oh, there's gonna be, there's gonna be a whole lot of trouble in your life (A whole lot of trouble) Oh, so listen to me, get up off your knees 'cause only the strong survive That's what she said"
The Intruders,Cowboys to Girls,1968,soul,"I remember (I remember) When I used to play shoot 'em up (Shoot 'em up, bang-bang, baby) I remember (Ooh-hoo, ooh) When I chased the girls and beat 'em up [Pre-Chorus] But I was young and didn't understand But now I'm a grown-up man I know girls are made for kissing Never knew what I was missing Now my life is not the same My whole world has been rearranged"
Eddie Kendricks,Keep on Truckin',1973,soul,"Keep on truckin', baby I got to keep on truckin' Got to get to your good lovin' Huh ... huh ... huh ... huh ... huh ... [Verse 1] Shame A double shame on me, yeah Love Love, I let control me, yeah [Pre-Chorus] From just one kiss, I am inspired To lovers in time, there's a fire [Chorus] And I'll keep on truckin', baby I got to keep on truckin' Hey, got to get to your sweet lovin' Huh ... huh ... huh ... huh ..."
Daryl Hall & John Oates,I Can't Go for That (No Can Do),1981,soul,"Easy, ready, willin’, overtime Where does it stop? Where do you dare me To draw the line? You've got the body Now you want my soul Don't even think about it Say, “No go” [Pre-Chorus] Yeah, I, I'll do anything That you want me to Yeah, I'll do almost anything That you want me to, ooh Yeah "
Boz Scaggs,Lowdown,1976,soul,"Baby's into runnin' around, hangin' with the crowd Puttin' your business in the street, talkin' out loud Sayin' you bought her this and that And how much you done spent I swear she must believe it's all heaven sent [Pre-Chorus] Hey, boy You better bring the chick around To the sad, sad truth The dirty lowdown [Chorus] (Oohooohooohooo) (I wonder, wonder, wonder, wonder who) Taught her how to talk like that (Oohooohooohooo) (I wonder, wonder, wonder, wonder who) Gave her that big idea"
Ruby & the Romantics,Our Day Will Come,1963,soul,Our day will come And we'll have everything We'll share the joy Falling in love can bring No one can tell me That I'm too young to know (young to know) I love you so (love you so) And you love me Our day will come If we just wait a while No tears for us Think love and wear a smile
